OrderID,ProductID,Quantity,OrderDate
1,1,2,01-15-2023
2,2,1,01-16-2023
3,3,3,01-17-2023
4,4,2,01-18-2023
5,5,1,01-19-2023
6,6,4,01-20-2023
7,7,2,01-21-2023
8,8,3,01-22-2023
9,9,1,01-23-2023
10,10,2,01-24-2023
11,11,3,01-25-2023
12,12,1,01-26-2023
13,13,2,01-27-2023
14,14,4,01-28-2023
15,15,3,01-29-2023
16,16,1,01-30-2023
17,17,2,01-31-2023
18,18,3,02-01-2023
19,19,1,02-02-2023
20,20,2,02-03-2023
21,21,3,02-04-2023
22,22,1,02-05-2023
23,23,2,02-06-2023
24,24,4,02-07-2023
25,25,3,02-08-2023
26,26,1,02-09-2023
27,27,2,02-10-2023
28,28,3,02-11-2023
29,29,1,02-12-2023
30,30,2,02-13-2023
31,31,3,02-14-2023
32,32,1,02-15-2023
33,33,2,02-16-2023
34,34,4,02-17-2023
35,35,3,02-18-2023
36,36,1,02-19-2023
37,37,2,02-20-2023
38,38,3,02-21-2023
39,39,1,02-22-2023
40,40,2,02-23-2023
41,41,3,02-24-2023
42,42,1,02-25-2023
43,43,2,02-26-2023
44,44,4,02-27-2023
45,45,3,02-28-2023
46,46,1,03-01-2023
47,47,2,03-02-2023
48,48,3,03-03-2023
49,49,1,03-04-2023
50,50,2,03-05-2023
